Name,Specialty,Address,Phone
"Emily Stewart, MD",Dermatology,"1700 UNIVERSITY DR E, COLLEGE STATION, TX 77840•1.5 miles",Call (979) 691-3300
"Rachel R. Moore, MD",Dermatology,"1700 UNIVERSITY DR E, COLLEGE STATION, TX 77840•1.5 miles",Call (979) 691-3300
"Rebecca Shanesmith, MD",Dermatology,"1700 UNIVERSITY DR E, COLLEGE STATION, TX 77840•1.5 miles",Call (979) 691-3300
"James N. Childs, MD",Dermatology,"1605 ROCK PRAIRIE RD, STE 312, COLLEGE STATION, TX 77845•3.1 miles",Call (979) 696-4444
"Maria V. Childs, MD",Dermatology,"1605 ROCK PRAIRIE RD, STE 312, COLLEGE STATION, TX 77845•3.1 miles",Call (979) 696-4444
"Ryan W. Ahern, MD",Dermatology,"1651 ROCK PRAIRIE RD, STE 103, COLLEGE STATION, TX 77845•3.2 miles",Call (979) 314-5400
"Andres Garci II, MD",Dermatology,"3632 COPPERCREST DR, BRYAN, TX 77802•2.5 miles",Call (979) 693-7444
"Jason M. Weaver, MD",Dermatology,"3632 COPPERCREST DR, BRYAN, TX 77802•2.5 miles",Call (979) 693-7444
"Chelsey E. Straight, MD",Dermatology,"1707 Broadmoor Dr, Ste 100, Bryan, TX 77802•2.6 miles",Call (979) 731-4933
"Eugen Stancut, MD",Dermatology,"1707 Broadmoor Dr, Ste 100, Bryan, TX 77802•2.6 miles",Call (979) 731-4933
